rank,phase,eval_split,score,val_score,test_score,mrr,recall_at_k,params,time_sec,model,config_json
1,coarse_pipeline,val,0.8738154115849542,0.8738154115849542,0.8509143384198148,0.8738154115849542,0.9949974987493747,134912,34.83516216278076,jodie_rnn,"{""model"": ""jodie_rnn"", ""embedding_dim"": 128, ""memory_cell"": ""rnn"", ""time_proj"": ""off"", ""use_static_embeddings"": ""off"", ""normalize_state"": ""off"", ""event_agg"": ""none"", ""agg_activation"": ""none"", ""attn_type"": ""dot"", ""time_decay"": ""none"", ""max_neighbors"": 0, ""hidden_dim"": 0, ""memory_gate"": ""off"", ""enable_event_agg"": ""off"", ""enable_graph_update"": ""off"", ""message_mode"": ""peer"", ""msg_linear"": ""off""}"
2,coarse_pipeline,val,0.7809504791245652,,,0.7809504791245652,0.9854927463731866,403200,40.906665563583374,jodie_rnn,"{""model"": ""jodie_rnn"", ""embedding_dim"": 128, ""memory_cell"": ""rnn"", ""time_proj"": ""off"", ""use_static_embeddings"": ""on"", ""normalize_state"": ""off"", ""event_agg"": ""none"", ""agg_activation"": ""none"", ""attn_type"": ""dot"", ""time_decay"": ""none"", ""max_neighbors"": 0, ""hidden_dim"": 0, ""memory_gate"": ""off"", ""enable_event_agg"": ""off"", ""enable_graph_update"": ""off"", ""message_mode"": ""peer"", ""msg_linear"": ""off""}"
3,coarse_pipeline,val,0.7345796208402426,,,0.7345796208402426,0.9544772386193097,34688,58.84589195251465,jodie_rnn,"{""model"": ""jodie_rnn"", ""embedding_dim"": 64, ""memory_cell"": ""rnn"", ""time_proj"": ""linear"", ""use_static_embeddings"": ""off"", ""normalize_state"": ""on"", ""event_agg"": ""none"", ""agg_activation"": ""none"", ""attn_type"": ""dot"", ""time_decay"": ""none"", ""max_neighbors"": 0, ""hidden_dim"": 0, ""memory_gate"": ""off"", ""enable_event_agg"": ""off"", ""enable_graph_update"": ""off"", ""message_mode"": ""peer"", ""msg_linear"": ""off""}"
4,coarse_pipeline,val,0.6990933587281677,,,0.6990933587281677,0.9384692346173087,134912,58.029613971710205,jodie_rnn,"{""model"": ""jodie_rnn"", ""embedding_dim"": 128, ""memory_cell"": ""rnn"", ""time_proj"": ""linear"", ""use_static_embeddings"": ""off"", ""normalize_state"": ""on"", ""event_agg"": ""none"", ""agg_activation"": ""none"", ""attn_type"": ""dot"", ""time_decay"": ""none"", ""max_neighbors"": 0, ""hidden_dim"": 0, ""memory_gate"": ""off"", ""enable_event_agg"": ""off"", ""enable_graph_update"": ""off"", ""message_mode"": ""peer"", ""msg_linear"": ""off""}"
5,coarse_pipeline,val,0.6769867009220429,,,0.6769867009220429,0.9424712356178089,403200,62.55537390708923,jodie_rnn,"{""model"": ""jodie_rnn"", ""embedding_dim"": 128, ""memory_cell"": ""rnn"", ""time_proj"": ""linear"", ""use_static_embeddings"": ""on"", ""normalize_state"": ""on"", ""event_agg"": ""none"", ""agg_activation"": ""none"", ""attn_type"": ""dot"", ""time_decay"": ""none"", ""max_neighbors"": 0, ""hidden_dim"": 0, ""memory_gate"": ""off"", ""enable_event_agg"": ""off"", ""enable_graph_update"": ""off"", ""message_mode"": ""peer"", ""msg_linear"": ""off""}"
6,coarse_pipeline,val,0.6743687518688984,,,0.6743687518688984,0.9384692346173087,134912,43.67828154563904,jodie_rnn,"{""model"": ""jodie_rnn"", ""embedding_dim"": 128, ""memory_cell"": ""rnn"", ""time_proj"": ""linear"", ""use_static_embeddings"": ""off"", ""normalize_state"": ""off"", ""event_agg"": ""none"", ""agg_activation"": ""none"", ""attn_type"": ""dot"", ""time_decay"": ""none"", ""max_neighbors"": 0, ""hidden_dim"": 0, ""memory_gate"": ""off"", ""enable_event_agg"": ""off"", ""enable_graph_update"": ""off"", ""message_mode"": ""peer"", ""msg_linear"": ""off""}"
7,coarse_pipeline,val,0.6702840874846956,,,0.6702840874846956,0.9114557278639319,34688,48.78435826301575,jodie_rnn,"{""model"": ""jodie_rnn"", ""embedding_dim"": 64, ""memory_cell"": ""rnn"", ""time_proj"": ""linear"", ""use_static_embeddings"": ""off"", ""normalize_state"": ""off"", ""event_agg"": ""none"", ""agg_activation"": ""none"", ""attn_type"": ""dot"", ""time_decay"": ""none"", ""max_neighbors"": 0, ""hidden_dim"": 0, ""memory_gate"": ""off"", ""enable_event_agg"": ""off"", ""enable_graph_update"": ""off"", ""message_mode"": ""peer"", ""msg_linear"": ""off""}"
8,coarse_pipeline,val,0.6380589827656622,,,0.6380589827656622,0.9054527263631816,148352,61.14695453643799,jodie_rnn,"{""model"": ""jodie_rnn"", ""embedding_dim"": 64, ""memory_cell"": ""rnn"", ""time_proj"": ""linear"", ""use_static_embeddings"": ""on"", ""normalize_state"": ""on"", ""event_agg"": ""none"", ""agg_activation"": ""none"", ""attn_type"": ""dot"", ""time_decay"": ""none"", ""max_neighbors"": 0, ""hidden_dim"": 0, ""memory_gate"": ""off"", ""enable_event_agg"": ""off"", ""enable_graph_update"": ""off"", ""message_mode"": ""peer"", ""msg_linear"": ""off""}"
9,coarse_pipeline,val,0.625910024398781,,,0.625910024398781,0.8789394697348675,60864,62.27265906333923,jodie_rnn,"{""model"": ""jodie_rnn"", ""embedding_dim"": 32, ""memory_cell"": ""rnn"", ""time_proj"": ""linear"", ""use_static_embeddings"": ""on"", ""normalize_state"": ""on"", ""event_agg"": ""none"", ""agg_activation"": ""none"", ""attn_type"": ""dot"", ""time_decay"": ""none"", ""max_neighbors"": 0, ""hidden_dim"": 0, ""memory_gate"": ""off"", ""enable_event_agg"": ""off"", ""enable_graph_update"": ""off"", ""message_mode"": ""peer"", ""msg_linear"": ""off""}"
10,coarse_pipeline,val,0.6080349220590973,,,0.6080349220590973,0.8829414707353677,9152,42.455710887908936,jodie_rnn,"{""model"": ""jodie_rnn"", ""embedding_dim"": 32, ""memory_cell"": ""rnn"", ""time_proj"": ""linear"", ""use_static_embeddings"": ""off"", ""normalize_state"": ""off"", ""event_agg"": ""none"", ""agg_activation"": ""none"", ""attn_type"": ""dot"", ""time_decay"": ""none"", ""max_neighbors"": 0, ""hidden_dim"": 0, ""memory_gate"": ""off"", ""enable_event_agg"": ""off"", ""enable_graph_update"": ""off"", ""message_mode"": ""peer"", ""msg_linear"": ""off""}"
11,coarse_pipeline,val,0.5933159903032817,,,0.5933159903032817,0.894447223611806,148352,47.41836500167847,jodie_rnn,"{""model"": ""jodie_rnn"", ""embedding_dim"": 64, ""memory_cell"": ""rnn"", ""time_proj"": ""linear"", ""use_static_embeddings"": ""on"", ""normalize_state"": ""off"", ""event_agg"": ""none"", ""agg_activation"": ""none"", ""attn_type"": ""dot"", ""time_decay"": ""none"", ""max_neighbors"": 0, ""hidden_dim"": 0, ""memory_gate"": ""off"", ""enable_event_agg"": ""off"", ""enable_graph_update"": ""off"", ""message_mode"": ""peer"", ""msg_linear"": ""off""}"
12,coarse_pipeline,val,0.5755131640864767,,,0.5755131640864767,0.9059529764882441,148352,41.311720848083496,jodie_rnn,"{""model"": ""jodie_rnn"", ""embedding_dim"": 64, ""memory_cell"": ""rnn"", ""time_proj"": ""off"", ""use_static_embeddings"": ""on"", ""normalize_state"": ""off"", ""event_agg"": ""none"", ""agg_activation"": ""none"", ""attn_type"": ""dot"", ""time_decay"": ""none"", ""max_neighbors"": 0, ""hidden_dim"": 0, ""memory_gate"": ""off"", ""enable_event_agg"": ""off"", ""enable_graph_update"": ""off"", ""message_mode"": ""peer"", ""msg_linear"": ""off""}"
13,coarse_pipeline,val,0.5616957447402088,,,0.5616957447402088,0.9364682341170585,903936,64.79907059669495,jodie_rnn,"{""model"": ""jodie_rnn"", ""embedding_dim"": 128, ""memory_cell"": ""lstm"", ""time_proj"": ""linear"", ""use_static_embeddings"": ""on"", ""normalize_state"": ""on"", ""event_agg"": ""none"", ""agg_activation"": ""none"", ""attn_type"": ""dot"", ""time_decay"": ""none"", ""max_neighbors"": 0, ""hidden_dim"": 0, ""memory_gate"": ""off"", ""enable_event_agg"": ""off"", ""enable_graph_update"": ""off"", ""message_mode"": ""peer"", ""msg_linear"": ""off""}"
14,coarse_pipeline,val,0.5560864873709384,,,0.5560864873709384,0.9169584792396198,403200,49.06281638145447,jodie_rnn,"{""model"": ""jodie_rnn"", ""embedding_dim"": 128, ""memory_cell"": ""rnn"", ""time_proj"": ""linear"", ""use_static_embeddings"": ""on"", ""normalize_state"": ""off"", ""event_agg"": ""none"", ""agg_activation"": ""none"", ""attn_type"": ""dot"", ""time_decay"": ""none"", ""max_neighbors"": 0, ""hidden_dim"": 0, ""memory_gate"": ""off"", ""enable_event_agg"": ""off"", ""enable_graph_update"": ""off"", ""message_mode"": ""peer"", ""msg_linear"": ""off""}"
15,coarse_pipeline,val,0.5531141107641436,,,0.5531141107641436,0.8809404702351176,233344,62.404844760894775,jodie_rnn,"{""model"": ""jodie_rnn"", ""embedding_dim"": 64, ""memory_cell"": ""gru"", ""time_proj"": ""linear"", ""use_static_embeddings"": ""on"", ""normalize_state"": ""on"", ""event_agg"": ""none"", ""agg_activation"": ""none"", ""attn_type"": ""dot"", ""time_decay"": ""none"", ""max_neighbors"": 0, ""hidden_dim"": 0, ""memory_gate"": ""off"", ""enable_event_agg"": ""off"", ""enable_graph_update"": ""off"", ""message_mode"": ""peer"", ""msg_linear"": ""off""}"
16,coarse_pipeline,val,0.5515282554208183,,,0.5515282554208183,0.8614307153576788,60864,48.20609951019287,jodie_rnn,"{""model"": ""jodie_rnn"", ""embedding_dim"": 32, ""memory_cell"": ""rnn"", ""time_proj"": ""linear"", ""use_static_embeddings"": ""on"", ""normalize_state"": ""off"", ""event_agg"": ""none"", ""agg_activation"": ""none"", ""attn_type"": ""dot"", ""time_decay"": ""none"", ""max_neighbors"": 0, ""hidden_dim"": 0, ""memory_gate"": ""off"", ""enable_event_agg"": ""off"", ""enable_graph_update"": ""off"", ""message_mode"": ""peer"", ""msg_linear"": ""off""}"
17,coarse_pipeline,val,0.5050438770166105,,,0.5050438770166105,0.9149574787393697,275840,63.62072539329529,jodie_rnn,"{""model"": ""jodie_rnn"", ""embedding_dim"": 64, ""memory_cell"": ""lstm"", ""time_proj"": ""linear"", ""use_static_embeddings"": ""on"", ""normalize_state"": ""on"", ""event_agg"": ""none"", ""agg_activation"": ""none"", ""attn_type"": ""dot"", ""time_decay"": ""none"", ""max_neighbors"": 0, ""hidden_dim"": 0, ""memory_gate"": ""off"", ""enable_event_agg"": ""off"", ""enable_graph_update"": ""off"", ""message_mode"": ""peer"", ""msg_linear"": ""off""}"
18,coarse_pipeline,val,0.5009930711995003,,,0.5009930711995003,0.9169584792396198,86912,63.48054528236389,jodie_rnn,"{""model"": ""jodie_rnn"", ""embedding_dim"": 64, ""memory_cell"": ""gru"", ""time_proj"": ""linear"", ""use_static_embeddings"": ""off"", ""normalize_state"": ""on"", ""event_agg"": ""none"", ""agg_activation"": ""none"", ""attn_type"": ""dot"", ""time_decay"": ""none"", ""max_neighbors"": 0, ""hidden_dim"": 0, ""memory_gate"": ""off"", ""enable_event_agg"": ""off"", ""enable_graph_update"": ""off"", ""message_mode"": ""peer"", ""msg_linear"": ""off""}"
19,coarse_pipeline,val,0.4821448937158897,,,0.4821448937158897,0.8679339669834918,60864,38.64021611213684,jodie_rnn,"{""model"": ""jodie_rnn"", ""embedding_dim"": 32, ""memory_cell"": ""rnn"", ""time_proj"": ""off"", ""use_static_embeddings"": ""on"", ""normalize_state"": ""off"", ""event_agg"": ""none"", ""agg_activation"": ""none"", ""attn_type"": ""dot"", ""time_decay"": ""none"", ""max_neighbors"": 0, ""hidden_dim"": 0, ""memory_gate"": ""off"", ""enable_event_agg"": ""off"", ""enable_graph_update"": ""off"", ""message_mode"": ""peer"", ""msg_linear"": ""off""}"
20,coarse_pipeline,val,0.4774164294829836,,,0.4774164294829836,0.8779389694847424,93888,63.971959352493286,jodie_rnn,"{""model"": ""jodie_rnn"", ""embedding_dim"": 32, ""memory_cell"": ""lstm"", ""time_proj"": ""linear"", ""use_static_embeddings"": ""on"", ""normalize_state"": ""on"", ""event_agg"": ""none"", ""agg_activation"": ""none"", ""attn_type"": ""dot"", ""time_decay"": ""none"", ""max_neighbors"": 0, ""hidden_dim"": 0, ""memory_gate"": ""off"", ""enable_event_agg"": ""off"", ""enable_graph_update"": ""off"", ""message_mode"": ""peer"", ""msg_linear"": ""off""}"
21,coarse_pipeline,val,0.4691212031450474,,,0.4691212031450474,0.8669334667333667,9152,34.91949105262756,jodie_rnn,"{""model"": ""jodie_rnn"", ""embedding_dim"": 32, ""memory_cell"": ""rnn"", ""time_proj"": ""off"", ""use_static_embeddings"": ""off"", ""normalize_state"": ""off"", ""event_agg"": ""none"", ""agg_activation"": ""none"", ""attn_type"": ""dot"", ""time_decay"": ""none"", ""max_neighbors"": 0, ""hidden_dim"": 0, ""memory_gate"": ""off"", ""enable_event_agg"": ""off"", ""enable_graph_update"": ""off"", ""message_mode"": ""peer"", ""msg_linear"": ""off""}"
22,coarse_pipeline,val,0.4560286540446327,,,0.4560286540446327,0.7943971985992997,22976,105.43157124519348,jodie_rnn,"{""model"": ""jodie_rnn"", ""embedding_dim"": 32, ""memory_cell"": ""gru"", ""time_proj"": ""linear"", ""use_static_embeddings"": ""off"", ""normalize_state"": ""on"", ""event_agg"": ""none"", ""agg_activation"": ""none"", ""attn_type"": ""dot"", ""time_decay"": ""none"", ""max_neighbors"": 0, ""hidden_dim"": 0, ""memory_gate"": ""off"", ""enable_event_agg"": ""off"", ""enable_graph_update"": ""off"", ""message_mode"": ""peer"", ""msg_linear"": ""off""}"
23,coarse_pipeline,val,0.4048979082334009,,,0.4048979082334009,0.8269134567283641,337664,33.559192180633545,jodie_rnn,"{""model"": ""jodie_rnn"", ""embedding_dim"": 128, ""memory_cell"": ""gru"", ""time_proj"": ""off"", ""use_static_embeddings"": ""off"", ""normalize_state"": ""off"", ""event_agg"": ""none"", ""agg_activation"": ""none"", ""attn_type"": ""dot"", ""time_decay"": ""none"", ""max_neighbors"": 0, ""hidden_dim"": 0, ""memory_gate"": ""off"", ""enable_event_agg"": ""off"", ""enable_graph_update"": ""off"", ""message_mode"": ""peer"", ""msg_linear"": ""off""}"
24,coarse_pipeline,val,0.39069704030746943,,,0.39069704030746943,0.8169084542271136,86912,33.25764179229736,jodie_rnn,"{""model"": ""jodie_rnn"", ""embedding_dim"": 64, ""memory_cell"": ""gru"", ""time_proj"": ""off"", ""use_static_embeddings"": ""off"", ""normalize_state"": ""off"", ""event_agg"": ""none"", ""agg_activation"": ""none"", ""attn_type"": ""dot"", ""time_decay"": ""none"", ""max_neighbors"": 0, ""hidden_dim"": 0, ""memory_gate"": ""off"", ""enable_event_agg"": ""off"", ""enable_graph_update"": ""off"", ""message_mode"": ""peer"", ""msg_linear"": ""off""}"
25,coarse_pipeline,val,0.36448535610229527,,,0.36448535610229527,0.7983991995997999,903936,41.20060873031616,jodie_rnn,"{""model"": ""jodie_rnn"", ""embedding_dim"": 128, ""memory_cell"": ""lstm"", ""time_proj"": ""off"", ""use_static_embeddings"": ""on"", ""normalize_state"": ""off"", ""event_agg"": ""none"", ""agg_activation"": ""none"", ""attn_type"": ""dot"", ""time_decay"": ""none"", ""max_neighbors"": 0, ""hidden_dim"": 0, ""memory_gate"": ""off"", ""enable_event_agg"": ""off"", ""enable_graph_update"": ""off"", ""message_mode"": ""peer"", ""msg_linear"": ""off""}"
26,coarse_pipeline,val,0.3589341659917583,,,0.3589341659917583,0.7578789394697348,737024,57.63197898864746,jodie_rnn,"{""model"": ""jodie_rnn"", ""embedding_dim"": 128, ""memory_cell"": ""gru"", ""time_proj"": ""off"", ""use_static_embeddings"": ""on"", ""normalize_state"": ""on"", ""event_agg"": ""none"", ""agg_activation"": ""none"", ""attn_type"": ""dot"", ""time_decay"": ""none"", ""max_neighbors"": 0, ""hidden_dim"": 0, ""memory_gate"": ""off"", ""enable_event_agg"": ""off"", ""enable_graph_update"": ""off"", ""message_mode"": ""peer"", ""msg_linear"": ""off""}"
27,coarse_pipeline,val,0.3581657422600732,,,0.3581657422600732,0.7603801900950475,903936,56.82153916358948,jodie_rnn,"{""model"": ""jodie_rnn"", ""embedding_dim"": 128, ""memory_cell"": ""lstm"", ""time_proj"": ""off"", ""use_static_embeddings"": ""on"", ""normalize_state"": ""on"", ""event_agg"": ""none"", ""agg_activation"": ""none"", ""attn_type"": ""dot"", ""time_decay"": ""none"", ""max_neighbors"": 0, ""hidden_dim"": 0, ""memory_gate"": ""off"", ""enable_event_agg"": ""off"", ""enable_graph_update"": ""off"", ""message_mode"": ""peer"", ""msg_linear"": ""off""}"
28,coarse_pipeline,val,0.349344463214188,,,0.349344463214188,0.742871435717859,148352,56.82838726043701,jodie_rnn,"{""model"": ""jodie_rnn"", ""embedding_dim"": 64, ""memory_cell"": ""rnn"", ""time_proj"": ""off"", ""use_static_embeddings"": ""on"", ""normalize_state"": ""on"", ""event_agg"": ""none"", ""agg_activation"": ""none"", ""attn_type"": ""dot"", ""time_decay"": ""none"", ""max_neighbors"": 0, ""hidden_dim"": 0, ""memory_gate"": ""off"", ""enable_event_agg"": ""off"", ""enable_graph_update"": ""off"", ""message_mode"": ""peer"", ""msg_linear"": ""off""}"
29,coarse_pipeline,val,0.34088380084325054,,,0.34088380084325054,0.7973986993496749,82880,49.07950496673584,jodie_rnn,"{""model"": ""jodie_rnn"", ""embedding_dim"": 32, ""memory_cell"": ""gru"", ""time_proj"": ""off"", ""use_static_embeddings"": ""on"", ""normalize_state"": ""off"", ""event_agg"": ""none"", ""agg_activation"": ""none"", ""attn_type"": ""dot"", ""time_decay"": ""none"", ""max_neighbors"": 0, ""hidden_dim"": 0, ""memory_gate"": ""off"", ""enable_event_agg"": ""off"", ""enable_graph_update"": ""off"", ""message_mode"": ""peer"", ""msg_linear"": ""off""}"
30,coarse_pipeline,val,0.34031550071363725,,,0.34031550071363725,0.7633816908454227,275840,58.64651346206665,jodie_rnn,"{""model"": ""jodie_rnn"", ""embedding_dim"": 64, ""memory_cell"": ""lstm"", ""time_proj"": ""off"", ""use_static_embeddings"": ""on"", ""normalize_state"": ""on"", ""event_agg"": ""none"", ""agg_activation"": ""none"", ""attn_type"": ""dot"", ""time_decay"": ""none"", ""max_neighbors"": 0, ""hidden_dim"": 0, ""memory_gate"": ""off"", ""enable_event_agg"": ""off"", ""enable_graph_update"": ""off"", ""message_mode"": ""peer"", ""msg_linear"": ""off""}"
31,coarse_pipeline,val,0.3290441888092692,,,0.3290441888092692,0.8014007003501751,93888,43.121487855911255,jodie_rnn,"{""model"": ""jodie_rnn"", ""embedding_dim"": 32, ""memory_cell"": ""lstm"", ""time_proj"": ""off"", ""use_static_embeddings"": ""on"", ""normalize_state"": ""off"", ""event_agg"": ""none"", ""agg_activation"": ""none"", ""attn_type"": ""dot"", ""time_decay"": ""none"", ""max_neighbors"": 0, ""hidden_dim"": 0, ""memory_gate"": ""off"", ""enable_event_agg"": ""off"", ""enable_graph_update"": ""off"", ""message_mode"": ""peer"", ""msg_linear"": ""off""}"
32,coarse_pipeline,val,0.32503310544740305,,,0.32503310544740305,0.7293646823411706,86912,50.302913665771484,jodie_rnn,"{""model"": ""jodie_rnn"", ""embedding_dim"": 64, ""memory_cell"": ""gru"", ""time_proj"": ""off"", ""use_static_embeddings"": ""off"", ""normalize_state"": ""on"", ""event_agg"": ""none"", ""agg_activation"": ""none"", ""attn_type"": ""dot"", ""time_decay"": ""none"", ""max_neighbors"": 0, ""hidden_dim"": 0, ""memory_gate"": ""off"", ""enable_event_agg"": ""off"", ""enable_graph_update"": ""off"", ""message_mode"": ""peer"", ""msg_linear"": ""off""}"
33,coarse_pipeline,val,0.32067507196091133,,,0.32067507196091133,0.6923461730865432,134912,50.37121367454529,jodie_rnn,"{""model"": ""jodie_rnn"", ""embedding_dim"": 128, ""memory_cell"": ""rnn"", ""time_proj"": ""off"", ""use_static_embeddings"": ""off"", ""normalize_state"": ""on"", ""event_agg"": ""none"", ""agg_activation"": ""none"", ""attn_type"": ""dot"", ""time_decay"": ""none"", ""max_neighbors"": 0, ""hidden_dim"": 0, ""memory_gate"": ""off"", ""enable_event_agg"": ""off"", ""enable_graph_update"": ""off"", ""message_mode"": ""peer"", ""msg_linear"": ""off""}"
34,coarse_pipeline,val,0.31924979556947586,,,0.31924979556947586,0.7898949474737369,29888,37.6181526184082,jodie_rnn,"{""model"": ""jodie_rnn"", ""embedding_dim"": 32, ""memory_cell"": ""lstm"", ""time_proj"": ""off"", ""use_static_embeddings"": ""off"", ""normalize_state"": ""off"", ""event_agg"": ""none"", ""agg_activation"": ""none"", ""attn_type"": ""dot"", ""time_decay"": ""none"", ""max_neighbors"": 0, ""hidden_dim"": 0, ""memory_gate"": ""off"", ""enable_event_agg"": ""off"", ""enable_graph_update"": ""off"", ""message_mode"": ""peer"", ""msg_linear"": ""off""}"
35,coarse_pipeline,val,0.3147660975970639,,,0.3147660975970639,0.7453726863431716,275840,48.379345655441284,jodie_rnn,"{""model"": ""jodie_rnn"", ""embedding_dim"": 64, ""memory_cell"": ""lstm"", ""time_proj"": ""linear"", ""use_static_embeddings"": ""on"", ""normalize_state"": ""off"", ""event_agg"": ""none"", ""agg_activation"": ""none"", ""attn_type"": ""dot"", ""time_decay"": ""none"", ""max_neighbors"": 0, ""hidden_dim"": 0, ""memory_gate"": ""off"", ""enable_event_agg"": ""off"", ""enable_graph_update"": ""off"", ""message_mode"": ""peer"", ""msg_linear"": ""off""}"
36,coarse_pipeline,val,0.29902412012098806,,,0.29902412012098806,0.7023511755877939,337664,49.39349126815796,jodie_rnn,"{""model"": ""jodie_rnn"", ""embedding_dim"": 128, ""memory_cell"": ""gru"", ""time_proj"": ""off"", ""use_static_embeddings"": ""off"", ""normalize_state"": ""on"", ""event_agg"": ""none"", ""agg_activation"": ""none"", ""attn_type"": ""dot"", ""time_decay"": ""none"", ""max_neighbors"": 0, ""hidden_dim"": 0, ""memory_gate"": ""off"", ""enable_event_agg"": ""off"", ""enable_graph_update"": ""off"", ""message_mode"": ""peer"", ""msg_linear"": ""off""}"
37,coarse_pipeline,val,0.29888470056257094,,,0.29888470056257094,0.7223611805902952,903936,50.805046796798706,jodie_rnn,"{""model"": ""jodie_rnn"", ""embedding_dim"": 128, ""memory_cell"": ""lstm"", ""time_proj"": ""linear"", ""use_static_embeddings"": ""on"", ""normalize_state"": ""off"", ""event_agg"": ""none"", ""agg_activation"": ""none"", ""attn_type"": ""dot"", ""time_decay"": ""none"", ""max_neighbors"": 0, ""hidden_dim"": 0, ""memory_gate"": ""off"", ""enable_event_agg"": ""off"", ""enable_graph_update"": ""off"", ""message_mode"": ""peer"", ""msg_linear"": ""off""}"
38,coarse_pipeline,val,0.296529790488244,,,0.296529790488244,0.776888444222111,113024,36.24481964111328,jodie_rnn,"{""model"": ""jodie_rnn"", ""embedding_dim"": 64, ""memory_cell"": ""lstm"", ""time_proj"": ""off"", ""use_static_embeddings"": ""off"", ""normalize_state"": ""off"", ""event_agg"": ""none"", ""agg_activation"": ""none"", ""attn_type"": ""dot"", ""time_decay"": ""none"", ""max_neighbors"": 0, ""hidden_dim"": 0, ""memory_gate"": ""off"", ""enable_event_agg"": ""off"", ""enable_graph_update"": ""off"", ""message_mode"": ""peer"", ""msg_linear"": ""off""}"
39,coarse_pipeline,val,0.2905623166727019,,,0.2905623166727019,0.7253626813406704,113024,49.8434271812439,jodie_rnn,"{""model"": ""jodie_rnn"", ""embedding_dim"": 64, ""memory_cell"": ""lstm"", ""time_proj"": ""off"", ""use_static_embeddings"": ""off"", ""normalize_state"": ""on"", ""event_agg"": ""none"", ""agg_activation"": ""none"", ""attn_type"": ""dot"", ""time_decay"": ""none"", ""max_neighbors"": 0, ""hidden_dim"": 0, ""memory_gate"": ""off"", ""enable_event_agg"": ""off"", ""enable_graph_update"": ""off"", ""message_mode"": ""peer"", ""msg_linear"": ""off""}"
40,coarse_pipeline,val,0.2875347607329886,,,0.2875347607329886,0.6768384192096047,93888,49.06815576553345,jodie_rnn,"{""model"": ""jodie_rnn"", ""embedding_dim"": 32, ""memory_cell"": ""lstm"", ""time_proj"": ""linear"", ""use_static_embeddings"": ""on"", ""normalize_state"": ""off"", ""event_agg"": ""none"", ""agg_activation"": ""none"", ""attn_type"": ""dot"", ""time_decay"": ""none"", ""max_neighbors"": 0, ""hidden_dim"": 0, ""memory_gate"": ""off"", ""enable_event_agg"": ""off"", ""enable_graph_update"": ""off"", ""message_mode"": ""peer"", ""msg_linear"": ""off""}"
41,coarse_pipeline,val,0.2839785916189248,,,0.2839785916189248,0.7308654327163582,29888,50.51391339302063,jodie_rnn,"{""model"": ""jodie_rnn"", ""embedding_dim"": 32, ""memory_cell"": ""lstm"", ""time_proj"": ""off"", ""use_static_embeddings"": ""off"", ""normalize_state"": ""on"", ""event_agg"": ""none"", ""agg_activation"": ""none"", ""attn_type"": ""dot"", ""time_decay"": ""none"", ""max_neighbors"": 0, ""hidden_dim"": 0, ""memory_gate"": ""off"", ""enable_event_agg"": ""off"", ""enable_graph_update"": ""off"", ""message_mode"": ""peer"", ""msg_linear"": ""off""}"
42,coarse_pipeline,val,0.28297115959945,,,0.28297115959945,0.6953476738369184,113024,42.79565382003784,jodie_rnn,"{""model"": ""jodie_rnn"", ""embedding_dim"": 64, ""memory_cell"": ""lstm"", ""time_proj"": ""linear"", ""use_static_embeddings"": ""off"", ""normalize_state"": ""off"", ""event_agg"": ""none"", ""agg_activation"": ""none"", ""attn_type"": ""dot"", ""time_decay"": ""none"", ""max_neighbors"": 0, ""hidden_dim"": 0, ""memory_gate"": ""off"", ""enable_event_agg"": ""off"", ""enable_graph_update"": ""off"", ""message_mode"": ""peer"", ""msg_linear"": ""off""}"
43,coarse_pipeline,val,0.2780222902176865,,,0.2780222902176865,0.6753376688344173,439040,51.78252696990967,jodie_rnn,"{""model"": ""jodie_rnn"", ""embedding_dim"": 128, ""memory_cell"": ""lstm"", ""time_proj"": ""off"", ""use_static_embeddings"": ""off"", ""normalize_state"": ""on"", ""event_agg"": ""none"", ""agg_activation"": ""none"", ""attn_type"": ""dot"", ""time_decay"": ""none"", ""max_neighbors"": 0, ""hidden_dim"": 0, ""memory_gate"": ""off"", ""enable_event_agg"": ""off"", ""enable_graph_update"": ""off"", ""message_mode"": ""peer"", ""msg_linear"": ""off""}"
44,coarse_pipeline,val,0.2440358856519125,,,0.2440358856519125,0.6933466733366683,29888,44.63946723937988,jodie_rnn,"{""model"": ""jodie_rnn"", ""embedding_dim"": 32, ""memory_cell"": ""lstm"", ""time_proj"": ""linear"", ""use_static_embeddings"": ""off"", ""normalize_state"": ""off"", ""event_agg"": ""none"", ""agg_activation"": ""none"", ""attn_type"": ""dot"", ""time_decay"": ""none"", ""max_neighbors"": 0, ""hidden_dim"": 0, ""memory_gate"": ""off"", ""enable_event_agg"": ""off"", ""enable_graph_update"": ""off"", ""message_mode"": ""peer"", ""msg_linear"": ""off""}"
45,coarse_pipeline,val,0.12660258734946606,,,0.12660258734946606,0.29814907453726863,22976,43.310790061950684,jodie_rnn,"{""model"": ""jodie_rnn"", ""embedding_dim"": 32, ""memory_cell"": ""gru"", ""time_proj"": ""linear"", ""use_static_embeddings"": ""off"", ""normalize_state"": ""off"", ""event_agg"": ""none"", ""agg_activation"": ""none"", ""attn_type"": ""dot"", ""time_decay"": ""none"", ""max_neighbors"": 0, ""hidden_dim"": 0, ""memory_gate"": ""off"", ""enable_event_agg"": ""off"", ""enable_graph_update"": ""off"", ""message_mode"": ""peer"", ""msg_linear"": ""off""}"
46,coarse_pipeline,val,0.12660258734946606,,,0.12660258734946606,0.29814907453726863,82880,46.54112482070923,jodie_rnn,"{""model"": ""jodie_rnn"", ""embedding_dim"": 32, ""memory_cell"": ""gru"", ""time_proj"": ""linear"", ""use_static_embeddings"": ""on"", ""normalize_state"": ""off"", ""event_agg"": ""none"", ""agg_activation"": ""none"", ""attn_type"": ""dot"", ""time_decay"": ""none"", ""max_neighbors"": 0, ""hidden_dim"": 0, ""memory_gate"": ""off"", ""enable_event_agg"": ""off"", ""enable_graph_update"": ""off"", ""message_mode"": ""peer"", ""msg_linear"": ""off""}"
47,coarse_pipeline,val,0.12660258734946606,,,0.12660258734946606,0.29814907453726863,86912,43.60870933532715,jodie_rnn,"{""model"": ""jodie_rnn"", ""embedding_dim"": 64, ""memory_cell"": ""gru"", ""time_proj"": ""linear"", ""use_static_embeddings"": ""off"", ""normalize_state"": ""off"", ""event_agg"": ""none"", ""agg_activation"": ""none"", ""attn_type"": ""dot"", ""time_decay"": ""none"", ""max_neighbors"": 0, ""hidden_dim"": 0, ""memory_gate"": ""off"", ""enable_event_agg"": ""off"", ""enable_graph_update"": ""off"", ""message_mode"": ""peer"", ""msg_linear"": ""off""}"
48,coarse_pipeline,val,0.12660258734946606,,,0.12660258734946606,0.29814907453726863,233344,48.23226976394653,jodie_rnn,"{""model"": ""jodie_rnn"", ""embedding_dim"": 64, ""memory_cell"": ""gru"", ""time_proj"": ""linear"", ""use_static_embeddings"": ""on"", ""normalize_state"": ""off"", ""event_agg"": ""none"", ""agg_activation"": ""none"", ""attn_type"": ""dot"", ""time_decay"": ""none"", ""max_neighbors"": 0, ""hidden_dim"": 0, ""memory_gate"": ""off"", ""enable_event_agg"": ""off"", ""enable_graph_update"": ""off"", ""message_mode"": ""peer"", ""msg_linear"": ""off""}"
49,coarse_pipeline,val,0.12660258734946606,,,0.12660258734946606,0.29814907453726863,337664,41.62112379074097,jodie_rnn,"{""model"": ""jodie_rnn"", ""embedding_dim"": 128, ""memory_cell"": ""gru"", ""time_proj"": ""linear"", ""use_static_embeddings"": ""off"", ""normalize_state"": ""off"", ""event_agg"": ""none"", ""agg_activation"": ""none"", ""attn_type"": ""dot"", ""time_decay"": ""none"", ""max_neighbors"": 0, ""hidden_dim"": 0, ""memory_gate"": ""off"", ""enable_event_agg"": ""off"", ""enable_graph_update"": ""off"", ""message_mode"": ""peer"", ""msg_linear"": ""off""}"
50,coarse_pipeline,val,0.12660258734946606,,,0.12660258734946606,0.29814907453726863,737024,48.470810413360596,jodie_rnn,"{""model"": ""jodie_rnn"", ""embedding_dim"": 128, ""memory_cell"": ""gru"", ""time_proj"": ""linear"", ""use_static_embeddings"": ""on"", ""normalize_state"": ""off"", ""event_agg"": ""none"", ""agg_activation"": ""none"", ""attn_type"": ""dot"", ""time_decay"": ""none"", ""max_neighbors"": 0, ""hidden_dim"": 0, ""memory_gate"": ""off"", ""enable_event_agg"": ""off"", ""enable_graph_update"": ""off"", ""message_mode"": ""peer"", ""msg_linear"": ""off""}"
